Продажи, закупки, снабжение, торговля
Маркетинг, реклама, PR
Банки, кредит, страхование, пенсионное обеспечение
Кадровая служба, управление персоналом
Здравоохранение и социальное обеспечение
Искусство, культура и развлечения
Металлургия, металлообработка
Электроэнергетика
Безопасность, службы охраны
Сельское хозяйство, экология, ветеринария
Туризм, гостиницы, рестораны
Строительство, ремонт, стройматериалы, недвижимость
Высший менеджмент
Добывающая промышленность
Работы, не требующие квалификации
Государственная служба, некоммерческие организации
Химическая, нефтехимическая, топливная промышленность
Услуги населению, сервисное обслуживание
Транспорт, автобизнес, логистика, склад, ВЭД
Рабочие специальности
Спорт, фитнес, салоны красоты
Консалтинг, стратегическое развитие, управление
Лесная, деревообрабатывающая, целлюлозно-бумажная промышленность
Домашний персонал
Легкая промышленность
Информационные технологии, телекоммуникации, связь
ЖКХ, эксплуатация
Машиностроение
Пищевая промышленность
Образование, наука
Административная работа, секретариат, АХО
Бухгалтерия, налоги, управленческий учет
Юриспруденция
Производство
